pid,handle,type,title,fair,identifier
umd:1016,hdl:1903.1/32,UMD_TEI,La Ronde,"Expo 67 (Montréal, Québec)",39Montreal.xml
umd:145,hdl:1903.1/78,UMD_IMAGE,Manufactory and warehouse of silver filigree,"Centennial Exhibition (1876 : Philadelphia, Pa.)",Call Number: 1876-phi-08-0108
umd:257,hdl:1903.1/50,UMD_IMAGE,Willimantic spool cotton,"Centennial Exhibition (1876 : Philadelphia, Pa.)",Call Number: 1876-phi-08-0190
umd:127,hdl:1903.1/41,UMD_IMAGE,Singer still triumphant!,"Centennial Exhibition (1876 : Philadelphia, Pa.)",Call Number: 1876-phi-08-0086
umd:254,hdl:1903.1/54,UMD_IMAGE,"Wm. F. Murphy's Sons, stationers, blank book namufacturers, steam-power printers, lithographers","Centennial Exhibition (1876 : Philadelphia, Pa.)",Call Number: 1876-phi-08-0187
umd:249,hdl:1903.1/44,UMD_IMAGE,"Patent cabinet grand piano, on exhibition at Philadelphia","Centennial Exhibition (1876 : Philadelphia, Pa.)",Call Number: 1876-phi-08-0186
umd:24,hdl:1903.1/47,UMD_IMAGE,The Clouch & Warren: excels others and captivates the world,"Centennial Exhibition (1876 : Philadelphia, Pa.)",Call Number: 1876-phi-08-0004
umd:158,hdl:1903.1/79,UMD_IMAGE,The Judges of awards of the Centennial Exposition have bestowed one of the highest prizes...,"Centennial Exhibition (1876 : Philadelphia, Pa.)",Call Number: 1876-phi-08-0119
umd:124,hdl:1903.1/38,UMD_IMAGE,"J.M. Armstrong, music typographer","Centennial Exhibition (1876 : Philadelphia, Pa.)",Call Number: 1876-phi-08-0068
umd:132,hdl:1903.1/37,UMD_IMAGE,Printing for the Centennial,"Centennial Exhibition (1876 : Philadelphia, Pa.)",Call Number: 1876-phi-08-0091
umd:994,hdl:1903.1/308,UMD_TEI,"Plan of Champ de Mars, Paris 1889","Exposition universelle de 1889 (Paris, France)",15paris.xml
umd:990,hdl:1903.1/298,UMD_TEI,Paris 1855,Exposition universelle de Paris en 1855,8Paris.xml
umd:988,hdl:1903.1/304,UMD_TEI,P. H. Delamotte Photograph of the Interior of the Crystal Palace,"Great Exhibition (1851 : London, England)",2london.xml
umd:441,hdl:1903.1/331,UMD_IMAGE,The Singer Manufacturing Co's Sewing Machine Building,"Centennial Exhibition (1876 : Philadelphia, Pa.)",Call Number: 1876-phi-08-0324
umd:43,hdl:1903.1/323,UMD_IMAGE,"Carpenter & Raymond, importers Scotch granite monuments, and manufacturers in domestic granites and marbles","Centennial Exhibition (1876 : Philadelphia, Pa.)",Call Number: 1876-phi-08-0022
umd:997,hdl:1903.1/309,UMD_TEI,The Women's Pavilion,"World's Columbian Exposition (1893 : Chicago, Ill.)",19Chicago.xml
umd:444,hdl:1903.1/329,UMD_IMAGE,The Tin Plate Decorating Company,"Centennial Exhibition (1876 : Philadelphia, Pa.)",Call Number: 1876-phi-08-0325
umd:99,hdl:1903.1/270,UMD_IMAGE,"Falls of Schuylkill Carpet Mills, John & James Dobson, proprietors","Centennial Exhibition (1876 : Philadelphia, Pa.)",Call Number: 1876-phi-08-0051
umd:978,hdl:1903.1/296,UMD_IMAGE,Plan Souvenir Officiel Expo 67 / Official Souvenir Map Expo 67,"Expo 67 (Montréal, Québec)",Call Number: 1967-mon-16-0001
umd:776,hdl:1903.1/130,UMD_IMAGE,"Crystal Palace, sculpture (Roman Court)","Great Exhibition (1851 : London, England)",Call Number: 1851-lon-30-0007
umd:774,hdl:1903.1/127,UMD_IMAGE,"Crystal Palace, Nineveh Court, Fountain...","Great Exhibition (1851 : London, England)",Call Number: 1851-lon-30-0004
umd:768,hdl:1903.1/134,UMD_IMAGE,"Dismantling by Thos. W. Ward Ltd., Sheffield & London","Great Exhibition (1851 : London, England)",Call Number: 1851-lon-20-0021
umd:770,hdl:1903.1/137,UMD_IMAGE,"Crystal Palace, north transept","Great Exhibition (1851 : London, England)",Call Number: 1851-lon-26-0005
umd:691,hdl:1903.1/163,UMD_IMAGE,Indiana State Bldg,"Louisiana Purchase Exposition (1904 : Saint Louis, Mo.)",Call Number: 1904-stl-26-0012
umd:71,hdl:1903.1/162,UMD_IMAGE,Do your own printing...,"Centennial Exhibition (1876 : Philadelphia, Pa.)",Call Number: 1876-phi-08-0040
umd:667,hdl:1903.1/212,UMD_IMAGE,Kentucky State Bldg.,"Louisiana Purchase Exposition (1904 : Saint Louis, Mo.)",Call Number: 1904-stl-26-0004
umd:712,hdl:1903.1/173,UMD_IMAGE,Missouri State Bldg.,"Louisiana Purchase Exposition (1904 : Saint Louis, Mo.)",Call Number: 1904-stl-26-0019
umd:694,hdl:1903.1/210,UMD_IMAGE,Pennsylvania State Bldg.,"Louisiana Purchase Exposition (1904 : Saint Louis, Mo.)",Call Number: 1904-stl-26-0013
umd:484,hdl:1903.1/342,UMD_IMAGE,"1776-1876 Centennial U.S.A., the father of our country, George Washington","Centennial Exhibition (1876 : Philadelphia, Pa.)",Call Number: 1876-phi-08-0368
umd:515,hdl:1903.1/340,UMD_IMAGE,"The International Live Stock Exhibition in the Exposition Stockyard, the afternoon Calvalcade","Centennial Exhibition (1876 : Philadelphia, Pa.)",Call Number: 1876-phi-10-0003
umd:499,hdl:1903.1/347,UMD_IMAGE,"Parade of the I.O.O.F., in commemoration of the Centennial Year, Star of Bethlehem, no. 190, Philadelphia, September 20th 1876","Centennial Exhibition (1876 : Philadelphia, Pa.)",Call Number: 1876-phi-08-0372
umd:507,hdl:1903.1/345,UMD_IMAGE,"Jos. Stelwagon & Sons, Manufacturers of Roofing, Sheathing and Carpet Papers","Centennial Exhibition (1876 : Philadelphia, Pa.)",Call Number: 1876-phi-08-0384
umd:560,hdl:1903.1/269,UMD_IMAGE,"Night Display at Fair, Lighting the Palace of Electricity","Louisiana Purchase Exposition (1904 : Saint Louis, Mo.)",Call Number: 1904-stl-08-0036
umd:504,hdl:1903.1/341,UMD_IMAGE,"The American Centennial Exhibition, ""The Graphic Section""","Centennial Exhibition (1876 : Philadelphia, Pa.)",Call Number: 1876-phi-08-0382
umd:512,hdl:1903.1/335,UMD_IMAGE,"Our Centennial, the opening ceremonies, playing Wagner's Centennial March.","Centennial Exhibition (1876 : Philadelphia, Pa.)",Call Number: 1876-phi-10-0002
umd:187,hdl:1903.1/57,UMD_IMAGE,"The Brunswick, Boyleston St. cor. Clarendon, Boston.","Centennial Exhibition (1876 : Philadelphia, Pa.)",Call Number: 1876-phi-08-0138
umd:190,hdl:1903.1/59,UMD_IMAGE,The Celluloid truss,"Centennial Exhibition (1876 : Philadelphia, Pa.)",Call Number: 1876-phi-08-0140
umd:1002,hdl:1903.1/15,UMD_TEI,Buffalo 1901: Pan-American Exposition Bird's Eye View of Grounds and Map of Exposition,"Pan-American Exposition (1901 : Buffalo, N.Y.)",24Buffalo.xml
umd:1000,hdl:1903.1/14,UMD_TEI,Paris 1900: Grand Palais,"Exposition universelle internationale de 1900 (Paris, France)",22Paris.xml
umd:1004,hdl:1903.1/16,UMD_TEI,Temple of Music,"Pan-American Exposition (1901 : Buffalo, N.Y.)",25Buffalo.xml
umd:1008,hdl:1903.1/21,UMD_TEI,Belgian Pavilion,"Exposition internationale (1937 : Paris, France)",31Paris.xml
umd:631,hdl:1903.1/242,UMD_IMAGE,"Texas State Building, Louisiana Purchase Exposition, St. Louis, Mo.","Louisiana Purchase Exposition (1904 : Saint Louis, Mo.)",Call Number: 1904-stl-10-0015b
umd:595,hdl:1903.1/233,UMD_IMAGE,"Chinese Government Building, Louisiana Purchase Exposition, St. Louis, Mo.","Louisiana Purchase Exposition (1904 : Saint Louis, Mo.)",Call Number: 1904-stl-10-0007
umd:1005,hdl:1903.1/17,UMD_TEI,"London 1908, Machinery Hall","Franco-British Exhibition (1908 : London, England)",28London.xml
umd:1001,hdl:1903.1/19,UMD_TEI,Paris 1900: Petit Palais,"Exposition universelle internationale de 1900 (Paris, France)",23Paris.xml
umd:1006,hdl:1903.1/18,UMD_TEI,Palace of Fine Arts,"Panama-Pacific International Exposition (1915 : San Francisco, Calif.)",29SanFrancisco.xml
umd:73607,hdl:1903.1/9699,UMD_IMAGE,"Entrance Palace of Liberal Arts, Louisiana Purchase Exposition, St. Louis, Missouri, 1904","Louisiana Purchase Exposition (1904 : Saint Louis, Mo.)",Call Number: 1904-stl-08-0021
umd:73624,hdl:1903.1/9704,UMD_IMAGE,"Night illumination panoramic, Panama-Pacific International Exposition, San Francisco, California, 1915","Panama-Pacific International Exposition (1915 : San Francisco, Calif.)",Call Number: 1915-sfr-08-0017
umd:73324,hdl:1903.1/9650,UMD_IMAGE,"Admission ticket, Abraham Lincon, World's Columbian Exposition, 1893","World's Columbian Exposition (1893 : Chicago, Ill.)",Call Number: 1893-chi-08-0006
umd:73302,hdl:1903.1/9647,UMD_IMAGE,"Admission ticket, George Washington, World's Columbian Exposition, 1893","World's Columbian Exposition (1893 : Chicago, Ill.)",Call Number: 1893-chi-08-0003
umd:73319,hdl:1903.1/9649,UMD_IMAGE,"Admission ticket, Christopher Columbus, World's Columbian Exposition, 1893","World's Columbian Exposition (1893 : Chicago, Ill.)",Call Number: 1893-chi-08-0005
umd:73315,hdl:1903.1/9648,UMD_IMAGE,"Admission ticket, Native American, World's Columbian Exposition, 1893","World's Columbian Exposition (1893 : Chicago, Ill.)",Call Number: 1893-chi-08-0004
umd:658,hdl:1903.1/202,UMD_IMAGE,Machinery Hall,"Louisiana Purchase Exposition (1904 : Saint Louis, Mo.)",Call Number: 1904-stl-26-0001
umd:670,hdl:1903.1/164,UMD_IMAGE,Texas State Bldg.,"Louisiana Purchase Exposition (1904 : Saint Louis, Mo.)",Call Number: 1904-stl-26-0005
umd:664,hdl:1903.1/241,UMD_IMAGE,Minnesota State Bldg.,"Louisiana Purchase Exposition (1904 : Saint Louis, Mo.)",Call Number: 1904-stl-26-0003
umd:153,hdl:1903.1/81,UMD_IMAGE,"Centennial Exhibition Vienna Model Bakery erected by Gaff, Fleishmann & Co.","Centennial Exhibition (1876 : Philadelphia, Pa.)",Call Number: 1876-phi-08-0117
umd:182,hdl:1903.1/83,UMD_IMAGE,"Bishop & Bro., no. 211 Race St., Philadelphia, fine felt hat manufacturers","Centennial Exhibition (1876 : Philadelphia, Pa.)",Call Number: 1876-phi-08-0136
umd:163,hdl:1903.1/70,UMD_IMAGE,"Marcus Ward & Co., London and Belfast, have been awarded prize medals...","Centennial Exhibition (1876 : Philadelphia, Pa.)",Call Number: 1876-phi-08-0126
umd:184,hdl:1903.1/56,UMD_IMAGE,Sole manufacturer of Schrenkeisen's improve patent rocker,"Centennial Exhibition (1876 : Philadelphia, Pa.)",Call Number: 1876-phi-08-0137
umd:168,hdl:1903.1/71,UMD_IMAGE,Louis Dejonge & Co. manufacturers of fancy papers,"Centennial Exhibition (1876 : Philadelphia, Pa.)",Call Number: 1876-phi-08-0128
umd:73396,hdl:1903.1/9666,UMD_IMAGE,"The Agricultural Building, World's Columbian Exposition, Chicago, Illinois, 1893","World's Columbian Exposition (1893 : Chicago, Ill.)",Call Number: 1893-chi-08-0074
umd:73594,hdl:1903.1/9694,UMD_IMAGE,"Varied Industries' Corner Palace, Louisiana Purchase Exposition, St. Louis, Missouri, 1904","Louisiana Purchase Exposition (1904 : Saint Louis, Mo.)",Call Number: 1904-stl-08-0018
umd:73589,hdl:1903.1/9693,UMD_IMAGE,"The Fisheries Building, World's Columbian Exposition, Chicago, Illinois, 1893","World's Columbian Exposition (1893 : Chicago, Ill.)",Call Number: 1893-chi-08-0071
umd:73384,hdl:1903.1/9662,UMD_IMAGE,"Visitors to the Panama-California International Exposition, San Diego, California, 1915","Panama-California Exposition (1915 : San Diego, Calif.)",Call Number: 1915-sdi-08-0021
umd:73582,hdl:1903.1/9690,UMD_IMAGE,"The Electrical Building, World's Columbian Exposition, Chicago, Illinois, 1893","World's Columbian Exposition (1893 : Chicago, Ill.)",Call Number: 1893-chi-08-0071
umd:884,hdl:1903.1/225,UMD_IMAGE,Marina Building,Exposition internationale de Milan (1906),Call Number: 1906-mil-20-0003
umd:89,hdl:1903.1/228,UMD_IMAGE,Lalance & Grosjean M'f'g. Co.,"Centennial Exhibition (1876 : Philadelphia, Pa.)",Call Number: 1876-phi-08-0049
umd:874,hdl:1903.1/182,UMD_IMAGE,Plan of fair ground,"Pan-American Exposition (1901 : Buffalo, N.Y.)",Call Number: 1901-buf-16-0004-001
umd:888,hdl:1903.1/217,UMD_IMAGE,Building demolition,Exposition internationale de Milan (1906),Call Number: 1906-mil-20-0009
umd:56,hdl:1903.1/264,UMD_IMAGE,"The Dreaming Iolanthe, King Rene's daughter, by Henrich Herz: a study in butter","Centennial Exhibition (1876 : Philadelphia, Pa.)",Call Number: 1876-phi-08-0029
umd:543,hdl:1903.1/337,UMD_IMAGE,[Exterior of Main Building],"Centennial Exhibition (1876 : Philadelphia, Pa.)",Call Number: 1876-phi-20-0006
umd:538,hdl:1903.1/339,UMD_IMAGE,"Art Bl'd'g Annex, Italian Section","Centennial Exhibition (1876 : Philadelphia, Pa.)",Call Number: 1876-phi-20-0005
umd:557,hdl:1903.1/263,UMD_IMAGE,Palace of Electricity,"Louisiana Purchase Exposition (1904 : Saint Louis, Mo.)",Call Number: 1904-stl-08-0032
umd:244,hdl:1903.1/42,UMD_IMAGE,The First sewing machine,"Centennial Exhibition (1876 : Philadelphia, Pa.)",Call Number: 1876-phi-08-0180
umd:230,hdl:1903.1/48,UMD_IMAGE,"Thomas Hunter, 716 Filbert St., Phila.","Centennial Exhibition (1876 : Philadelphia, Pa.)",Call Number: 1876-phi-08-0162
umd:236,hdl:1903.1/45,UMD_IMAGE,Rowland & Sprogle's Carbonated Stone,"Centennial Exhibition (1876 : Philadelphia, Pa.)",Call Number: 1876-phi-08-0170
umd:239,hdl:1903.1/43,UMD_IMAGE,Our patent rocker,"Centennial Exhibition (1876 : Philadelphia, Pa.)",Call Number: 1876-phi-08-0175
umd:233,hdl:1903.1/46,UMD_IMAGE,"J.J. & J.M. Richards (Philadelphia, Pa.)","Centennial Exhibition (1876 : Philadelphia, Pa.)",Call Number: 1876-phi-08-0163
umd:987,hdl:1903.1/311,UMD_TEI,"Crystal Palace, Exterior","Great Exhibition (1851 : London, England)",1london.xml
umd:986,hdl:1903.1/310,UMD_TEI,Dublin 1853 Main Hall,"Exhibition of Art and Art-Industry (1853 : Dublin, Ireland)",1dublin.xml
umd:993,hdl:1903.1/274,UMD_TEI,Statue of Liberty Ribbon,Paris Universal Exposition of 1878,14Paris.xml
umd:992,hdl:1903.1/276,UMD_TEI,The Rotunda of the 1873 Vienna International Exhibition,Vienna International Exhibition (1873),10Vienna.xml
umd:989,hdl:1903.1/303,UMD_TEI,The New York Crystal Palace: The Birth of a Building,New York Exhibition of the Industry of All Nations (1853-1854),5NY.xml
umd:974,hdl:1903.1/272,UMD_IMAGE,Philips Building,"Exposition universelle et internationale (1958 : Brussels, Belgium)",Call Number: 1958-bru-16-0002-003
umd:962,hdl:1903.1/300,UMD_IMAGE,Court of Pacifica,"Golden Gate International Exposition (1939-1940 : San Francisco, Calif.)",Call Number: 1939-sfr-08-0004
umd:972,hdl:1903.1/277,UMD_IMAGE,Exterior of the Philips Building,"Exposition universelle et internationale (1958 : Brussels, Belgium)",Call Number: 1958-bru-16-0002-002
umd:968,hdl:1903.1/301,UMD_IMAGE,Court of the Moon,"Golden Gate International Exposition (1939-1940 : San Francisco, Calif.)",Call Number: 1939-sfr-08-0016
umd:736,hdl:1903.1/184,UMD_IMAGE,"Palace of Mines and Metallurgy, main entrance","Louisiana Purchase Exposition (1904 : Saint Louis, Mo.)",Call Number: 1904-stl-26-0027
umd:745,hdl:1903.1/170,UMD_IMAGE,Plaza of St. Louis,"Louisiana Purchase Exposition (1904 : Saint Louis, Mo.)",Call Number: 1904-stl-26-0030
umd:739,hdl:1903.1/169,UMD_IMAGE,German Government Bldg,"Louisiana Purchase Exposition (1904 : Saint Louis, Mo.)",Call Number: 1904-stl-26-0028
umd:742,hdl:1903.1/185,UMD_IMAGE,The Cascades,"Louisiana Purchase Exposition (1904 : Saint Louis, Mo.)",Call Number: 1904-stl-26-0029
umd:754,hdl:1903.1/133,UMD_IMAGE,Administration Building,"Louisiana Purchase Exposition (1904 : Saint Louis, Mo.)",Call Number: 1904-stl-26-0033
umd:914,hdl:1903.1/281,UMD_IMAGE,Panorama of Exposition,"Panama-California Exposition (1915 : San Diego, Calif.)",Call Number: 1915-sdi-08-0012
umd:920,hdl:1903.1/285,UMD_IMAGE,Palace of Fine Arts,"Panama-Pacific International Exposition (1915 : San Francisco, Calif.)",Call Number: 1915-sfr-16-0011-001
umd:646,hdl:1903.1/194,UMD_IMAGE,"Palace of Education, Restaurant, Pavilian and Cascade, Louisiana Purchase Exposition, St. Louis, Mo.","Louisiana Purchase Exposition (1904 : Saint Louis, Mo.)",Call Number: 1904-stl-10-0019a
umd:922,hdl:1903.1/250,UMD_IMAGE,Interior of the Palace of Fine Arts Colonnade,"Panama-Pacific International Exposition (1915 : San Francisco, Calif.)",Call Number: 1915-sfr-16-0011-002
umd:916,hdl:1903.1/252,UMD_IMAGE,"Varied Industries Building, west porch","Panama-California Exposition (1915 : San Diego, Calif.)",Call Number: 1915-sdi-08-0019
umd:910,hdl:1903.1/251,UMD_IMAGE,"Varied Industries Building, east entrance","Panama-California Exposition (1915 : San Diego, Calif.)",Call Number: 1915-sdi-08-0007
umd:643,hdl:1903.1/198,UMD_IMAGE,"An Exhibit Building for the Louisiana Purchase Exposition, St. Louis, Mo.","Louisiana Purchase Exposition (1904 : Saint Louis, Mo.)",Call Number: 1904-stl-10-0018
umd:494,hdl:1903.1/343,UMD_IMAGE,[George Washington ribbon],"Centennial Exhibition (1876 : Philadelphia, Pa.)",Call Number: 1876-phi-08-0371
umd:489,hdl:1903.1/346,UMD_IMAGE,"Philadelphia Commercial Exchange, 1776-1876","Centennial Exhibition (1876 : Philadelphia, Pa.)",Call Number: 1876-phi-08-0370
umd:577,hdl:1903.1/260,UMD_IMAGE,"Palaces of Electricity, Education and Mines, Louisiana Purchase Exposition, St. Louis, Mo.","Louisiana Purchase Exposition (1904 : Saint Louis, Mo.)",Call Number: 1904-stl-10-0003b
umd:580,hdl:1903.1/259,UMD_IMAGE,"Bridge beside the Palace of Education, Louisiana Purchase Exposition, St. Louis, Mo.","Louisiana Purchase Exposition (1904 : Saint Louis, Mo.)",Call Number: 1904-stl-10-0004a
umd:808,hdl:1903.1/115,UMD_IMAGE,The Centennial Grounds and Exhibition Buildings,"Centennial Exhibition (1876 : Philadelphia, Pa.)",Call Number: 1876-phi-16-0002
umd:818,hdl:1903.1/139,UMD_IMAGE,Forth Bridge,"International Exhibition of Industry, Science, and Art (1886 : Edinburgh, Scotland)",Call Number: 1886-edi-20-1
umd:812,hdl:1903.1/108,UMD_IMAGE,"La France a L'Amerique, La Liberte eclairant le Monde",Paris Universal Exposition of 1878,Call Number: 1878-par-08-0001
umd:816,hdl:1903.1/113,UMD_IMAGE,Oorspronkelijk Nieux Cezelschapsel,"Internationale Koloniale en Uitvoerhandel Tentoonstelling (1883 : Amsterdam, Netherlands)",Call Number: 1883-ams-08-0001
umd:380,hdl:1903.1/103,UMD_IMAGE,Hawkes' Patent Fountain Pen,"Centennial Exhibition (1876 : Philadelphia, Pa.)",Call Number: 1876-phi-08-0247
umd:399,hdl:1903.1/7,UMD_IMAGE,"Bird's Eye View, Centennial Exhibition","Centennial Exhibition (1876 : Philadelphia, Pa.)",Call Number: 1876-phi-08-0267b
umd:372,hdl:1903.1/11,UMD_IMAGE,Philadelphia & Centennial Grounds,"Centennial Exhibition (1876 : Philadelphia, Pa.)",Call Number: 1876-phi-08-0245
umd:73329,hdl:1903.1/9651,UMD_IMAGE,"Children's admission ticket, World's Columbian Exposition, 1893","World's Columbian Exposition (1893 : Chicago, Ill.)",Call Number: 1893-chi-08-0010
umd:942,hdl:1903.1/327,UMD_IMAGE,A Century of Progress Exposition Official Book of Views,"Century of Progress International Exposition (1933-1934 : Chicago, Ill.)",Call Number: 1933-chi-16-0002
umd:954,hdl:1903.1/302,UMD_IMAGE,"New-York World's Fair 1939, Le Monde Demain",New York World's Fair (1939-1940),Call Number: 1939-nyc-16-0001-001
umd:956,hdl:1903.1/299,UMD_IMAGE,Perisphere and Trylon,New York World's Fair (1939-1940),Call Number: 1939-nyc-16-0001-002
umd:946,hdl:1903.1/316,UMD_IMAGE,Belgium Building,"Exposition internationale (1937 : Paris, France)",Call Number: 1937-par-16-0001-002
umd:948,hdl:1903.1/320,UMD_IMAGE,Exposition 1937,"Exposition internationale (1937 : Paris, France)",Call Number: 1937-par-16-0002-001
umd:733,hdl:1903.1/166,UMD_IMAGE,Palace of Mines and Metallurgy,"Louisiana Purchase Exposition (1904 : Saint Louis, Mo.)",Call Number: 1904-stl-26-0026
umd:730,hdl:1903.1/167,UMD_IMAGE,Palace of Liberal Arts,"Louisiana Purchase Exposition (1904 : Saint Louis, Mo.)",Call Number: 1904-stl-26-0025
umd:952,hdl:1903.1/321,UMD_IMAGE,New York World's Fair 1939,New York World's Fair (1939-1940),Call Number: 1939-nyc-08-0002
umd:102,hdl:1903.1/28,UMD_IMAGE,"Narragansett Steamship Co. and Old Colony R.R. ""Fall River Line""","Centennial Exhibition (1876 : Philadelphia, Pa.)",Call Number: 1876-phi-08-0053
umd:610,hdl:1903.1/232,UMD_IMAGE,"A Cartouche, Louisiana Purchase Exposition, St. Louis, Mo.","Louisiana Purchase Exposition (1904 : Saint Louis, Mo.)",Call Number: 1904-stl-10-0011a
umd:613,hdl:1903.1/239,UMD_IMAGE,"The Buffalo Dance, Louisiana Purchase Exposition, St. Louis, Mo.","Louisiana Purchase Exposition (1904 : Saint Louis, Mo.)",Call Number: 1904-stl-10-0011b
umd:61,hdl:1903.1/234,UMD_IMAGE,"William Gibson, Belfast, Ireland: diamond jeweler, keyless watch manufacturer","Centennial Exhibition (1876 : Philadelphia, Pa.)",Call Number: 1876-phi-08-0031
umd:111,hdl:1903.1/25,UMD_IMAGE,"Franklin Flint Glass Works, cor. Oxford & Howard Sts. Philadelphia","Centennial Exhibition (1876 : Philadelphia, Pa.)",Call Number: 1876-phi-08-0065
umd:114,hdl:1903.1/40,UMD_IMAGE,"Geo. Aubin, 130 South Delaware Avenue...","Centennial Exhibition (1876 : Philadelphia, Pa.)",Call Number: 1876-phi-08-0066
umd:106,hdl:1903.1/24,UMD_IMAGE,McNab & Harlin Manufacturing Co.,"Centennial Exhibition (1876 : Philadelphia, Pa.)",Call Number: 1876-phi-08-0060
umd:119,hdl:1903.1/93,UMD_IMAGE,Payson's indelible ink,"Centennial Exhibition (1876 : Philadelphia, Pa.)",Call Number: 1876-phi-08-0067
umd:454,hdl:1903.1/288,UMD_IMAGE,"Dunbar, Hobart & Whidden, South Abbington, Mass., manufacturers of brads, tacks, nails","Centennial Exhibition (1876 : Philadelphia, Pa.)",Call Number: 1876-phi-08-0339
umd:622,hdl:1903.1/243,UMD_IMAGE,"Equestrian sculpture at the Louisiana Purchase Exposition, St. Louis, Mo., ""St. Louis""","Louisiana Purchase Exposition (1904 : Saint Louis, Mo.)",Call Number: 1904-stl-10-0013b
umd:459,hdl:1903.1/287,UMD_IMAGE,"Exhibits, Philadelphia Exhibition, 1876","Centennial Exhibition (1876 : Philadelphia, Pa.)",Call Number: 1876-phi-08-0342
umd:46,hdl:1903.1/289,UMD_IMAGE,Conrad Meyer & Sons' exhibit the original full iron frame piano...,"Centennial Exhibition (1876 : Philadelphia, Pa.)",Call Number: 1876-phi-08-0025
umd:449,hdl:1903.1/332,UMD_IMAGE,"The Fleetwood Scroll Saw, for all descriptions of light scroll or fret sawing in wood, bone, ivory, shell or metal","Centennial Exhibition (1876 : Philadelphia, Pa.)",Call Number: 1876-phi-08-0326
umd:788,hdl:1903.1/128,UMD_IMAGE,Palais de l'Industrie,Exposition universelle de Paris en 1855,Call Number: 1855-par-08-0001
umd:757,hdl:1903.1/125,UMD_IMAGE,U. S. Government Bldg,"Louisiana Purchase Exposition (1904 : Saint Louis, Mo.)",Call Number: 1904-stl-26-0034
umd:751,hdl:1903.1/135,UMD_IMAGE,Festival Hall,"Louisiana Purchase Exposition (1904 : Saint Louis, Mo.)",Call Number: 1904-stl-26-0032
umd:760,hdl:1903.1/132,UMD_IMAGE,Palace of Electricity,"Louisiana Purchase Exposition (1904 : Saint Louis, Mo.)",Call Number: 1904-stl-26-0035
umd:786,hdl:1903.1/154,UMD_IMAGE,Crystal Schottisch - composed by W. Byerly,New York Exhibition of the Industry of All Nations (1853-1854),Call Number: 1853-nyc-14-0001
umd:73347,hdl:1903.1/9655,UMD_IMAGE,"Admission ticket, Manhattan Day, World's Columbian Exposition, 1893","World's Columbian Exposition (1893 : Chicago, Ill.)",Call Number: 1893-chi-08-0009
umd:73344,hdl:1903.1/9654,UMD_IMAGE,"Admission ticket, Manhattan Day, World's Columbian Exposition, 1893","World's Columbian Exposition (1893 : Chicago, Ill.)",Call Number: 1893-chi-08-0008
umd:73339,hdl:1903.1/9653,UMD_IMAGE,"Admission ticket, Manhattan Day, World's Columbian Exposition, 1893","World's Columbian Exposition (1893 : Chicago, Ill.)",Call Number: 1893-chi-08-0007
umd:676,hdl:1903.1/214,UMD_IMAGE,Tyrolean Village,"Louisiana Purchase Exposition (1904 : Saint Louis, Mo.)",Call Number: 1904-stl-26-0007
umd:715,hdl:1903.1/175,UMD_IMAGE,Palace of Varied Industries,"Louisiana Purchase Exposition (1904 : Saint Louis, Mo.)",Call Number: 1904-stl-26-0020
umd:697,hdl:1903.1/205,UMD_IMAGE,British Government Bldg.,"Louisiana Purchase Exposition (1904 : Saint Louis, Mo.)",Call Number: 1904-stl-26-0014
umd:700,hdl:1903.1/208,UMD_IMAGE,Austrian Government Bldg.,"Louisiana Purchase Exposition (1904 : Saint Louis, Mo.)",Call Number: 1904-stl-26-0015
umd:679,hdl:1903.1/211,UMD_IMAGE,Ohio State Bldg.,"Louisiana Purchase Exposition (1904 : Saint Louis, Mo.)",Call Number: 1904-stl-26-0008
umd:217085,hdl:1903.1/20756,UMD_IMAGE,"Exposition Universelle de 1900, Port du Petit Palais (Paris, France)","Exposition universelle internationale de 1900 (Paris, France)","Series 17; Photographs—Albumen Print—Exposition Universelle Paris (Oversize Box: 5), 1900"
umd:217087,hdl:1903.1/20757,UMD_IMAGE,"Exposition de 1900, Le Petit Palais, La Cour (Paris, France)","Exposition universelle internationale de 1900 (Paris, France)","Series 17; Photographs—Albumen Print—Exposition Universelle Paris (Oversize Box: 5), 1900"
umd:217077,hdl:1903.1/20752,UMD_IMAGE,"Exposition Universelle de 1900, Le Grand Palais (Paris, France)","Exposition universelle internationale de 1900 (Paris, France)","Series 17; Photographs—Albumen Print—Exposition Universelle Paris (Oversize Box: 5), 1900"
umd:217089,hdl:1903.1/20758,UMD_IMAGE,"Exposition Universelle de 1900, Palais de l'Electricité, (Paris, France)","Exposition universelle internationale de 1900 (Paris, France)","Series 17; Photographs—Albumen Print—Exposition Universelle Paris (Oversize Box: 5), 1900"
umd:217083,hdl:1903.1/20755,UMD_IMAGE,"Exposition Universelle de 1900, Le Petit Palais (Paris, France)","Exposition universelle internationale de 1900 (Paris, France)","Series 17; Photographs—Albumen Print—Exposition Universelle Paris (Oversize Box: 5), 1900"
umd:329,hdl:1903.1/87,UMD_IMAGE,American Carpets,"Centennial Exhibition (1876 : Philadelphia, Pa.)",Call Number: 1876-phi-08-0232
umd:314,hdl:1903.1/95,UMD_IMAGE,Agricultural Building,"Centennial Exhibition (1876 : Philadelphia, Pa.)",Call Number: 1876-phi-08-0226
umd:304,hdl:1903.1/96,UMD_IMAGE,Machinery Hall,"Centennial Exhibition (1876 : Philadelphia, Pa.)",Call Number: 1876-phi-08-0224
umd:324,hdl:1903.1/105,UMD_IMAGE,Womens' Pavilion,"Centennial Exhibition (1876 : Philadelphia, Pa.)",Call Number: 1876-phi-08-0228
umd:998,hdl:1903.1/275,UMD_TEI,"Richard Morris Hunt: Administration Building, Chicago, 1893.","World's Columbian Exposition (1893 : Chicago, Ill.)",20Chicago.xml
umd:1015,hdl:1903.1/22,UMD_TEI,Festival Hall,"Panama-Pacific International Exposition (1915 : San Francisco, Calif.)",39FestivalHall.xml
umd:1014,hdl:1903.1/20,UMD_TEI,"The Demolition of the Crystal Palace, 1936-1941","Great Exhibition (1851 : London, England)",38demolition.xml
umd:766,hdl:1903.1/131,UMD_IMAGE,Crystal Palace,"Great Exhibition (1851 : London, England)",Call Number: 1851-lon-20-0001
umd:780,hdl:1903.1/126,UMD_IMAGE,Topographical map of the New York Crystal Palace and a guide to the Exhibition,New York Exhibition of the Industry of All Nations (1853-1854),Call Number: 1853-nyc-08-0001
umd:792,hdl:1903.1/151,UMD_IMAGE,The International Exhibition of 1862,London International Exhibition,Call Number: 1862-lon-16-0001
umd:718,hdl:1903.1/165,UMD_IMAGE,Palace of Education,"Louisiana Purchase Exposition (1904 : Saint Louis, Mo.)",Call Number: 1904-stl-26-0021
umd:763,hdl:1903.1/136,UMD_IMAGE,Palace of Fine Arts,"Louisiana Purchase Exposition (1904 : Saint Louis, Mo.)",Call Number: 1904-stl-26-0036
umd:721,hdl:1903.1/172,UMD_IMAGE,Palace of Manufactures,"Louisiana Purchase Exposition (1904 : Saint Louis, Mo.)",Call Number: 1904-stl-26-0022
umd:912,hdl:1903.1/257,UMD_IMAGE,"Prado, north side","Panama-California Exposition (1915 : San Diego, Calif.)",Call Number: 1915-sdi-08-0010
umd:724,hdl:1903.1/171,UMD_IMAGE,Transportation Bldg.,"Louisiana Purchase Exposition (1904 : Saint Louis, Mo.)",Call Number: 1904-stl-26-0023
umd:918,hdl:1903.1/254,UMD_IMAGE,Panorama,"Panama-Pacific International Exposition (1915 : San Francisco, Calif.)",Call Number: 1915-sfr-08-0016
umd:840,hdl:1903.1/188,UMD_IMAGE,"Compliments of the ""Hub Clothiers,"" New Haven, Conn., Agriculture Building, World's Fair 1893","World's Columbian Exposition (1893 : Chicago, Ill.)",Call Number: 1893-chi-08-0076
umd:834,hdl:1903.1/110,UMD_IMAGE,"World's Columbian Exposition Chicago, admit the bearer 1st May to 30th Oct. 1893","World's Columbian Exposition (1893 : Chicago, Ill.)",Call Number: 1893-chi-08-0005
umd:826,hdl:1903.1/111,UMD_IMAGE,Gallerie des Machines,"Exposition universelle de 1889 (Paris, France)",Call Number: 1889-par-16-0003
umd:848,hdl:1903.1/148,UMD_IMAGE,Manufactures and Liberal Arts Building,"World's Columbian Exposition (1893 : Chicago, Ill.)",Call Number: 1893-chi-26-0004
umd:850,hdl:1903.1/147,UMD_IMAGE,"Electricity Building, Van Brunt and Howe, Architects","World's Columbian Exposition (1893 : Chicago, Ill.)",Call Number: 1893-chi-26-0003-020
umd:574,hdl:1903.1/268,UMD_IMAGE,"Palace of Education, Louisiana Purchase Exposition, St. Louis, Mo.","Louisiana Purchase Exposition (1904 : Saint Louis, Mo.)",Call Number: 1904-stl-10-0003a
umd:85,hdl:1903.1/186,UMD_IMAGE,"Geo. E. Hegeman, Havana Cigar Emporium, and sample rooms","Centennial Exhibition (1876 : Philadelphia, Pa.)",Call Number: 1876-phi-08-0047
umd:82,hdl:1903.1/123,UMD_IMAGE,Chas. Palm & Co.,"Centennial Exhibition (1876 : Philadelphia, Pa.)",Call Number: 1876-phi-08-0046
umd:814,hdl:1903.1/159,UMD_IMAGE,"Sydney International Exhibition, 1879",Sydney International Exhibition (1879),Call Number: 1879-syd-16-1
umd:1009,hdl:1903.1/23,UMD_TEI,Trylon and Perisphere,New York World's Fair (1939-1940),32NY.xml
umd:1010,hdl:1903.1/33,UMD_TEI,The San Francisco Golden Gate Exhibition 1939-1940,"Golden Gate International Exposition (1939-1940 : San Francisco, Calif.)",33SanFrancisco.xml
umd:1017,hdl:1903.1/35,UMD_TEI,Paris 1889,"Exposition universelle de 1889 (Paris, France)",41russianhouse.xml
umd:1011,hdl:1903.1/29,UMD_TEI,"Le Corbusier: Philips Pavilion, Brussels, 1958","Exposition universelle et internationale (1958 : Brussels, Belgium)",34Brussels.xml
umd:51,hdl:1903.1/336,UMD_IMAGE,"""Old Abe,"" the live Wisconsin War Eagle","Centennial Exhibition (1876 : Philadelphia, Pa.)",hdl:1903.1/336
umd:958,hdl:1903.1/279,UMD_IMAGE,Perisphere,New York World's Fair (1939-1940),Call Number: 1939-nyc-16-0001-003
umd:950,hdl:1903.1/317,UMD_IMAGE,Salon d'Honneur,"Exposition internationale (1937 : Paris, France)",Call Number: 1937-par-16-0002-002
umd:944,hdl:1903.1/314,UMD_IMAGE,"Expositione Internationale, des Arts et des techniques appliques de la vie moderne","Exposition internationale (1937 : Paris, France)",Call Number: 1937-par-16-0001-001
umd:383,hdl:1903.1/85,UMD_IMAGE,"On exhibition at the centennial, $290 United States Pianos","Centennial Exhibition (1876 : Philadelphia, Pa.)",Call Number: 1876-phi-08-0259
umd:38,hdl:1903.1/6,UMD_IMAGE,Wheeler & Wilson Mfg. Co. sewing machines,"Centennial Exhibition (1876 : Philadelphia, Pa.)",Call Number: 1876-phi-08-0017
umd:393,hdl:1903.1/8,UMD_IMAGE,"Agricultural Hall, Centennial Exhibition","Centennial Exhibition (1876 : Philadelphia, Pa.)",Call Number: 1876-phi-08-0266
umd:369,hdl:1903.1/9,UMD_IMAGE,Main Exhibition Building,"Centennial Exhibition (1876 : Philadelphia, Pa.)",Call Number: 1876-phi-08-0244
umd:363,hdl:1903.1/86,UMD_IMAGE,Agricultural Building,"Centennial Exhibition (1876 : Philadelphia, Pa.)",Call Number: 1876-phi-08-0242
umd:290,hdl:1903.1/73,UMD_IMAGE,Main Exhibition Building,"Centennial Exhibition (1876 : Philadelphia, Pa.)",Call Number: 1876-phi-08-0216
umd:287,hdl:1903.1/55,UMD_IMAGE,Machinery Hall,"Centennial Exhibition (1876 : Philadelphia, Pa.)",Call Number: 1876-phi-08-0215
umd:278,hdl:1903.1/76,UMD_IMAGE,"Original Independence Hall, Philadelphia","Centennial Exhibition (1876 : Philadelphia, Pa.)",Call Number: 1876-phi-08-0212
umd:284,hdl:1903.1/68,UMD_IMAGE,"""City"" Public Buildings","Centennial Exhibition (1876 : Philadelphia, Pa.)",Call Number: 1876-phi-08-0214
umd:219244,hdl:1903.1/20787,UMD_IMAGE,"Exposition Universelle de 1900, Plate-Forme Mobile & Chemin de Fer Électrique, Carrefour de l'École Militaire (Paris, France)","Exposition universelle internationale de 1900 (Paris, France)","Series 17; Photographs—Albumen Print—Exposition Universelle Paris (Oversize Box: 5), 1900"
umd:219229,hdl:1903.1/20786,UMD_IMAGE,"Exposition Universelle de 1900, Trottoir Roulant, Station du Pont des Invalides (Paris, France)","Exposition universelle internationale de 1900 (Paris, France)","Series 17; Photographs—Albumen Print—Exposition Universelle Paris (Oversize Box: 5), 1900"
umd:219271,hdl:1903.1/20792,UMD_IMAGE,"Exposition Universelle de 1900, Le Vieux Paris, Porte Ouest, Robida Dessinateur, (Paris, France)","Exposition universelle internationale de 1900 (Paris, France)","Series 17; Photographs—Albumen Print—Exposition Universelle Paris (Oversize Box: 5), 1900"
umd:219269,hdl:1903.1/20791,UMD_IMAGE,"Paris-Exposition de 1900, Palais de la Bosnie et de l'Herzégovine. Panck Architecte (Paris, France)","Exposition universelle internationale de 1900 (Paris, France)","Series 17; Photographs—Albumen Print—Exposition Universelle Paris (Oversize Box: 5), 1900"
umd:219273,hdl:1903.1/20793,UMD_IMAGE,"Exposition Universelle de 1900, Parc du Champ de Mars, le Lac, (Paris, France)","Exposition universelle internationale de 1900 (Paris, France)","Series 17; Photographs—Albumen Print—Exposition Universelle Paris (Oversize Box: 5), 1900"
umd:16,hdl:1903.1/84,UMD_IMAGE,"Ph. J. Lauber's Restaurant, Centennial Grounds","Centennial Exhibition (1876 : Philadelphia, Pa.)",hdl:1903.1/84
umd:171,hdl:1903.1/69,UMD_IMAGE,Spencerian steel pens,"Centennial Exhibition (1876 : Philadelphia, Pa.)",Call Number: 1876-phi-08-0131
umd:179,hdl:1903.1/72,UMD_IMAGE,Girard Avenue Bridge,"Centennial Exhibition (1876 : Philadelphia, Pa.)",Call Number: 1876-phi-08-0135
umd:176,hdl:1903.1/94,UMD_IMAGE,"Fairmount Water Works, Philadelphia","Centennial Exhibition (1876 : Philadelphia, Pa.)",Call Number: 1876-phi-08-0134
umd:140,hdl:1903.1/80,UMD_IMAGE,Champion Folding Bed & Crib,"Centennial Exhibition (1876 : Philadelphia, Pa.)",Call Number: 1876-phi-08-0103
umd:148,hdl:1903.1/82,UMD_IMAGE,"Rud. Iback Sohn, Barmen (Rhenish Prussia,) largest and oldest piano factory of West Germany","Centennial Exhibition (1876 : Philadelphia, Pa.)",Call Number: 1876-phi-08-0110
umd:160,hdl:1903.1/77,UMD_IMAGE,"Fern decorations (Lee's patent) for architectural and general ornamental purposes, on various materials...","Centennial Exhibition (1876 : Philadelphia, Pa.)",Call Number: 1876-phi-08-0122
umd:135,hdl:1903.1/39,UMD_IMAGE,"International Exhibition, 1876, Fairmount Park, Philadelphia","Centennial Exhibition (1876 : Philadelphia, Pa.)",Call Number: 1876-phi-08-0099
umd:980,hdl:1903.1/306,UMD_IMAGE,"Expo '70, Progress and Harmony for Mankind","Expo '70 (Osaka, Japan)",Call Number: 1970-osa-16-0001
umd:434,hdl:1903.1/330,UMD_IMAGE,"Valuable great revolution in sewing machines, the Wardwell two spool, the wonder of the age","Centennial Exhibition (1876 : Philadelphia, Pa.)",Call Number: 1876-phi-08-0321
umd:782,hdl:1903.1/129,UMD_IMAGE,Bird's Eye View of Crystal Palace,New York Exhibition of the Industry of All Nations (1853-1854),Call Number: 1853-nyc-08-0002
umd:425,hdl:1903.1/293,UMD_IMAGE,Wilson Shuttle Sewing Machine,"Centennial Exhibition (1876 : Philadelphia, Pa.)",Call Number: 1876-phi-08-0320
umd:784,hdl:1903.1/138,UMD_IMAGE,"Crystal Palace as of Mar. 19, 1853 (construction)",New York Exhibition of the Industry of All Nations (1853-1854),Call Number: 1853-nyc-08-0008
umd:416,hdl:1903.1/322,UMD_IMAGE,"Empire Press Co., manufacturers of printing presses and machinery, and dealers in printing materials and supplies","Centennial Exhibition (1876 : Philadelphia, Pa.)",Call Number: 1876-phi-08-0311
umd:790,hdl:1903.1/153,UMD_IMAGE,Cloture de l'Exposition,Exposition universelle de Paris en 1855,Call Number: 1855-par-26-0001
umd:794,hdl:1903.1/155,UMD_IMAGE,Leisure Hour,London International Exhibition,Call Number: 1862-lon-26-2
umd:79,hdl:1903.1/156,UMD_IMAGE,Wakefield Rattan Company,"Centennial Exhibition (1876 : Philadelphia, Pa.)",Call Number: 1876-phi-08-0045
umd:828,hdl:1903.1/150,UMD_IMAGE,Monaco Building,"Exposition universelle de 1889 (Paris, France)",Call Number: 1889-par-30-0001-001
umd:810,hdl:1903.1/118,UMD_IMAGE,Main Building.,"Centennial Exhibition (1876 : Philadelphia, Pa.)",Call Number: 1876-phi-26-0001
umd:806,hdl:1903.1/117,UMD_IMAGE,"Centennial Art Gallery. Philadelphia, 1876","Centennial Exhibition (1876 : Philadelphia, Pa.)",Call Number: 1876-phi-08-0000-001
umd:832,hdl:1903.1/149,UMD_IMAGE,Russian House,"Exposition universelle de 1889 (Paris, France)",Call Number: 1889-par-30-0001-003
umd:319,hdl:1903.1/90,UMD_IMAGE,German Government Building,"Centennial Exhibition (1876 : Philadelphia, Pa.)",Call Number: 1876-phi-08-0227
umd:32,hdl:1903.1/91,UMD_IMAGE,"H.H. Peacock, 618 Chestnut Street, Philadelphia: manufacturer of fancy cases","Centennial Exhibition (1876 : Philadelphia, Pa.)",Call Number: 1876-phi-08-0015
umd:309,hdl:1903.1/97,UMD_IMAGE,Interior of Machinery Hall,"Centennial Exhibition (1876 : Philadelphia, Pa.)",Call Number: 1876-phi-08-0225
umd:520,hdl:1903.1/334,UMD_IMAGE,Pennsylvania Day,"Centennial Exhibition (1876 : Philadelphia, Pa.)",Call Number: 1876-phi-20-0001
umd:533,hdl:1903.1/286,UMD_IMAGE,"Agricultural Hall, interior","Centennial Exhibition (1876 : Philadelphia, Pa.)",Call Number: 1876-phi-20-0004
umd:928,hdl:1903.1/253,UMD_IMAGE,Lafayette,"Panama-Pacific International Exposition (1915 : San Francisco, Calif.)",Call Number: 1915-sfr-16-0017-003
umd:926,hdl:1903.1/255,UMD_IMAGE,"Colonnade of the Palace of Fine Arts, Interior","Panama-Pacific International Exposition (1915 : San Francisco, Calif.)",Call Number: 1915-sfr-16-0017-002
umd:936,hdl:1903.1/328,UMD_IMAGE,Rotunda,"Panama-Pacific International Exposition (1915 : San Francisco, Calif.)",Call Number: 1915-sfr-20-0001-004
umd:932,hdl:1903.1/315,UMD_IMAGE,Festival Hall,"Panama-Pacific International Exposition (1915 : San Francisco, Calif.)",Call Number: 1915-sfr-20-0001-002
umd:938,hdl:1903.1/326,UMD_IMAGE,Interior of the Rotunda,"Panama-Pacific International Exposition (1915 : San Francisco, Calif.)",Call Number: 1915-sfr-20-0001-005
umd:930,hdl:1903.1/284,UMD_IMAGE,South Gardens,"Panama-Pacific International Exposition (1915 : San Francisco, Calif.)",Call Number: 1915-sfr-20-0001-001
umd:934,hdl:1903.1/319,UMD_IMAGE,Tower of Jewels,"Panama-Pacific International Exposition (1915 : San Francisco, Calif.)",Call Number: 1915-sfr-20-0001-003
umd:778,hdl:1903.1/152,UMD_IMAGE,Exposition interior,"Exhibition of Art and Art-Industry (1853 : Dublin, Ireland)",Call Number: 1853-dub-26-1
umd:796,hdl:1903.1/158,UMD_IMAGE,Panorama du Parc pris du Cercle International,Exposition Universelle de 1867 à Paris,Call Number: 1867-par-20-0002
umd:854,hdl:1903.1/144,UMD_IMAGE,Administration Building,"World's Columbian Exposition (1893 : Chicago, Ill.)",hdl:1903.1/144
umd:802,hdl:1903.1/109,UMD_IMAGE,Oftportal der Industriehalle,Vienna International Exhibition (1873),Call Number: 1873-vie-16-0006-002
umd:804,hdl:1903.1/114,UMD_IMAGE,Innenansicht der Rotunde bei der Eroffnunsfeier.,Vienna International Exhibition (1873),Call Number: 1873-vie-16-0006-003
umd:856,hdl:1903.1/119,UMD_IMAGE,Exposition Universelle Bruxelles 1897,Exposition internationale Bruxelles-Tervueren (1897),Call Number: 1897-bru-08-0001
umd:824,hdl:1903.1/122,UMD_IMAGE,Place de la Concorde,"Exposition universelle de 1889 (Paris, France)",Call Number: 1889-par-16-0002
umd:800,hdl:1903.1/112,UMD_IMAGE,Plan der Weltausstellung,Vienna International Exhibition (1873),Call Number: 1873-vie-16-0006-001
umd:858,hdl:1903.1/189,UMD_IMAGE,Exposition Universelle 1900,"Exposition universelle internationale de 1900 (Paris, France)",Call Number: 1900-par-08-0005
umd:820,hdl:1903.1/160,UMD_IMAGE,Exhibition Building,"New Zealand and South Seas Exhibition (1889-1890: Dunedin, N.Z.)",Call Number: 1889-dun-20-0001
umd:822,hdl:1903.1/141,UMD_IMAGE,Plan,"Exposition universelle de 1889 (Paris, France)",Call Number: 1889-par-16-0001
umd:262,hdl:1903.1/52,UMD_IMAGE,Artists' materials,"Centennial Exhibition (1876 : Philadelphia, Pa.)",Call Number: 1876-phi-08-0193
umd:299,hdl:1903.1/88,UMD_IMAGE,Horticultural Hall,"Centennial Exhibition (1876 : Philadelphia, Pa.)",Call Number: 1876-phi-08-0223
umd:293,hdl:1903.1/74,UMD_IMAGE,"Centennial Art Gallery, Philadelphia","Centennial Exhibition (1876 : Philadelphia, Pa.)",Call Number: 1876-phi-08-0217
umd:281,hdl:1903.1/66,UMD_IMAGE,Agriculture Hall,"Centennial Exhibition (1876 : Philadelphia, Pa.)",Call Number: 1876-phi-08-0213
umd:296,hdl:1903.1/75,UMD_IMAGE,Horticultural Hall,"Centennial Exhibition (1876 : Philadelphia, Pa.)",Call Number: 1876-phi-08-0218
umd:878,hdl:1903.1/178,UMD_IMAGE,Anaglypta Decoration in Relief,Glasgow International Exhibition (1901),Call Number: 1901-gla-16-0001-001
umd:880,hdl:1903.1/181,UMD_IMAGE,Peacock,Glasgow International Exhibition (1901),Call Number: 1901-gla-16-0001-002
umd:890,hdl:1903.1/216,UMD_IMAGE,British Applied Arts Palace,"Franco-British Exhibition (1908 : London, England)",Call Number: 1908-lon-08-0001
umd:882,hdl:1903.1/177,UMD_IMAGE,Block Plan,"Louisiana Purchase Exposition (1904 : Saint Louis, Mo.)",Call Number: 1904-stl-16-0003
umd:886,hdl:1903.1/221,UMD_IMAGE,Marina Building,Exposition internationale de Milan (1906),Call Number: 1906-mil-20-0004
umd:351,hdl:1903.1/102,UMD_IMAGE,Horticultural Hall,"Centennial Exhibition (1876 : Philadelphia, Pa.)",Call Number: 1876-phi-08-0238
umd:342,hdl:1903.1/99,UMD_IMAGE,"Independence Hall, 1st U.S. Congress","Centennial Exhibition (1876 : Philadelphia, Pa.)",Call Number: 1876-phi-08-0235
umd:357,hdl:1903.1/100,UMD_IMAGE,Art Gallery,"Centennial Exhibition (1876 : Philadelphia, Pa.)",Call Number: 1876-phi-08-0240
umd:366,hdl:1903.1/12,UMD_IMAGE,Bird's-Eye View,"Centennial Exhibition (1876 : Philadelphia, Pa.)",Call Number: 1876-phi-08-0243
umd:681785,hdl:1903.1/32375,UMD_IMAGE,"National Trust Library collection/ World's Fair Ephemeral and Graphic Materials Collection/ Edison's Electric Pen and Duplicating Press - Picure, 1876: Series 3: New York Exhibition of the Industry of All Nations (New York City, New York)/ Photographs",New York Exhibition of the Industry of All Nations (1853-1854),1000-msc-20-0008
umd:681781,hdl:1903.1/32373,UMD_IMAGE,"National Trust Library collection/ World's Fair Ephemeral and Graphic Materials Collection/ Edison's Electric Pen and Duplicating Press - Picture, 1876","Centennial Exhibition (1876 : Philadelphia, Pa.)",1876-phi-08-0352
umd:872,hdl:1903.1/223,UMD_IMAGE,"Fountain of Abundance (section, elevation)","Pan-American Exposition (1901 : Buffalo, N.Y.)",Call Number: 1901-buf-10-0001
umd:681778,hdl:1903.1/32372,UMD_IMAGE,"National Trust Library Collection/ World's Fair Ephemeral and Graphic Materials Collection/ Edison's Electric Pen and Duplicating Press - Letter, 1876","Centennial Exhibition (1876 : Philadelphia, Pa.)",1876-phi-08-0351
umd:688,hdl:1903.1/209,UMD_IMAGE,New York State Bldg.,"Louisiana Purchase Exposition (1904 : Saint Louis, Mo.)",Call Number: 1904-stl-26-0011
umd:87,hdl:1903.1/224,UMD_IMAGE,"E. Clinton & Co., brush makers","Centennial Exhibition (1876 : Philadelphia, Pa.)",Call Number: 1876-phi-08-0048
umd:866,hdl:1903.1/179,UMD_IMAGE,Maps of the Grounds,"Exposition universelle internationale de 1900 (Paris, France)",Call Number: 1900-par-16-0001
umd:862,hdl:1903.1/187,UMD_IMAGE,Exposition Universelle 1900,"Exposition universelle internationale de 1900 (Paris, France)",Call Number: 1900-par-08-0032
umd:870,hdl:1903.1/191,UMD_IMAGE,"Latest Revised Map, engraved for the Pan-American Up to Date Time Saver.","Pan-American Exposition (1901 : Buffalo, N.Y.)",Call Number: 1901-buf-08-0001
umd:999,hdl:1903.1/313,UMD_TEI,Manufactures Building,"World's Columbian Exposition (1893 : Chicago, Ill.)",21Chicago.xml
umd:995,hdl:1903.1/307,UMD_TEI,The Monaco Building of the Paris 1889 Exposition,"Exposition universelle de 1889 (Paris, France)",16Paris.xml
umd:996,hdl:1903.1/294,UMD_TEI,Chicago 1893,"World's Columbian Exposition (1893 : Chicago, Ill.)",18Chicago.xml
umd:1013,hdl:1903.1/34,UMD_TEI,"1883 Colonial Exposition, Amsterdam","Internationale Koloniale en Uitvoerhandel Tentoonstelling (1883 : Amsterdam, Netherlands)",37Amsterdam.xml
umd:960,hdl:1903.1/333,UMD_IMAGE,U.S. Steel Building,New York World's Fair (1939-1940),Call Number: 1939-nyc-16-0001-004
umd:970,hdl:1903.1/278,UMD_IMAGE,Construction of the Philips Building,"Exposition universelle et internationale (1958 : Brussels, Belgium)",Call Number: 1958-bru-16-0002-001
umd:964,hdl:1903.1/280,UMD_IMAGE,Temples of the East,"Golden Gate International Exposition (1939-1940 : San Francisco, Calif.)",Call Number: 1939-sfr-08-0006
umd:966,hdl:1903.1/271,UMD_IMAGE,Aerial View,"Golden Gate International Exposition (1939-1940 : San Francisco, Calif.)",Call Number: 1939-sfr-08-0014
umd:976,hdl:1903.1/348,UMD_IMAGE,Montreal Central,"Expo 67 (Montréal, Québec)",Call Number: 1967-mon-08-0001
umd:604,hdl:1903.1/230,UMD_IMAGE,"Festival Hall, Louisiana Purchase Exposition, St. Louis, Mo.","Louisiana Purchase Exposition (1904 : Saint Louis, Mo.)",Call Number: 1904-stl-10-0009
umd:637,hdl:1903.1/200,UMD_IMAGE,"Liberal Arts Building, U.S. Government Building, Mines and Metallurgy Building, Louisiana Purchase Exposition, St. Louis, Mo.","Louisiana Purchase Exposition (1904 : Saint Louis, Mo.)",Call Number: 1904-stl-10-0016b
umd:598,hdl:1903.1/231,UMD_IMAGE,"Palace of Electricity and Palace of Varied Industries, Louisiana Purchase Exposition, St. Louis, Mo.","Louisiana Purchase Exposition (1904 : Saint Louis, Mo.)",Call Number: 1904-stl-10-0008a
umd:634,hdl:1903.1/196,UMD_IMAGE,"Administration Building (Washington University), Louisiana Purchase Exposition, St. Louis, Mo.","Louisiana Purchase Exposition (1904 : Saint Louis, Mo.)",Call Number: 1904-stl-10-0016a
umd:601,hdl:1903.1/229,UMD_IMAGE,"Palace of Electricity, Louisiana Purchase Exposition, St. Louis, Mo.","Louisiana Purchase Exposition (1904 : Saint Louis, Mo.)",Call Number: 1904-stl-10-0008b
umd:592,hdl:1903.1/235,UMD_IMAGE,"The Japanese Garden, Louisiana Purchase Exposition, St. Louis, Mo.","Louisiana Purchase Exposition (1904 : Saint Louis, Mo.)",Call Number: 1904-stl-10-0006
umd:586,hdl:1903.1/258,UMD_IMAGE,"California State Building, Louisiana Purchase Exposition, St. Louis, Mo.","Louisiana Purchase Exposition (1904 : Saint Louis, Mo.)",Call Number: 1904-stl-10-0005a
umd:94,hdl:1903.1/318,UMD_IMAGE,"Bailey and Company, established 1830","Centennial Exhibition (1876 : Philadelphia, Pa.)",Call Number: 1876-phi-08-0050
umd:940,hdl:1903.1/325,UMD_IMAGE,Prima Mater,"Panama-Pacific International Exposition (1915 : San Francisco, Calif.)",Call Number: 1915-sfr-20-0001-006
umd:894,hdl:1903.1/246,UMD_IMAGE,"French Applied Arts Palace, west entrance","Franco-British Exhibition (1908 : London, England)",Call Number: 1908-lon-08-0011
umd:902,hdl:1903.1/215,UMD_IMAGE,Palace of Women's Work,"Franco-British Exhibition (1908 : London, England)",Call Number: 1908-lon-08-0025
umd:892,hdl:1903.1/227,UMD_IMAGE,French Applied Arts Palace,"Franco-British Exhibition (1908 : London, England)",Call Number: 1908-lon-08-0010
umd:898,hdl:1903.1/218,UMD_IMAGE,Court of Honour,"Franco-British Exhibition (1908 : London, England)",Call Number: 1908-lon-08-0014
umd:900,hdl:1903.1/220,UMD_IMAGE,"Machinery Halls, Entrance","Franco-British Exhibition (1908 : London, England)",Call Number: 1908-lon-08-0020
umd:906,hdl:1903.1/245,UMD_IMAGE,Pavilion Neerlandais,"Exposition universelle et internationale (1910 : Brussels, Belgium)",Call Number: 1910-bru-08-0005
umd:798,hdl:1903.1/116,UMD_IMAGE,Habitation Ouvriere Parisienne,Exposition Universelle de 1867 à Paris,Call Number: 1867-par-26-0001
umd:860,hdl:1903.1/124,UMD_IMAGE,Trocadero,"Exposition universelle internationale de 1900 (Paris, France)",Call Number: 1900-par-08-0028
umd:864,hdl:1903.1/222,UMD_IMAGE,Exposition Universelle 1900,"Exposition universelle internationale de 1900 (Paris, France)",Call Number: 1900-par-08-0037
umd:625,hdl:1903.1/240,UMD_IMAGE,"Equestrian sculpture at the Louisiana Purchase Exposition, St. Louis, Mo., ""St. Louis""","Louisiana Purchase Exposition (1904 : Saint Louis, Mo.)",Call Number: 1904-stl-10-0014a
umd:63,hdl:1903.1/197,UMD_IMAGE,"Centennial relics: Wallace & Keller having purchased from the City all the Oak Joists taken out of Independence Hall, during repairs, etc., do now offer...","Centennial Exhibition (1876 : Philadelphia, Pa.)",Call Number: 1876-phi-08-0034
umd:628,hdl:1903.1/244,UMD_IMAGE,"Equestrian sculpture at the Louisiana Purchase Exposition, St. Louis, Mo., ""St. Louis""","Louisiana Purchase Exposition (1904 : Saint Louis, Mo.)",Call Number: 1904-stl-10-0014b
umd:607,hdl:1903.1/236,UMD_IMAGE,"Palace of Machinery & Transportation Building, Louisiana Purchase Exposition, St. Louis, Mo.","Louisiana Purchase Exposition (1904 : Saint Louis, Mo.)",Call Number: 1904-stl-10-0010
umd:616,hdl:1903.1/237,UMD_IMAGE,"Sculpture at the Louisiana Purchase Exposition, St. Louis, Mo.","Louisiana Purchase Exposition (1904 : Saint Louis, Mo.)",Call Number: 1904-stl-10-0012
umd:619,hdl:1903.1/238,UMD_IMAGE,"Equestrian sculpture at the Louisiana Purchase Exposition, St. Louis, Mo., ""St. Louis""","Louisiana Purchase Exposition (1904 : Saint Louis, Mo.)",Call Number: 1904-stl-10-0013a
umd:348,hdl:1903.1/106,UMD_IMAGE,Women's Pavilion,"Centennial Exhibition (1876 : Philadelphia, Pa.)",Call Number: 1876-phi-08-0237
umd:339,hdl:1903.1/92,UMD_IMAGE,U.S. Exhibition Building,"Centennial Exhibition (1876 : Philadelphia, Pa.)",Call Number: 1876-phi-08-0234
umd:396,hdl:1903.1/283,UMD_IMAGE,"Main Building, Centennial Exhibition","Centennial Exhibition (1876 : Philadelphia, Pa.)",Call Number: 1876-phi-08-0267a
umd:772,hdl:1903.1/157,UMD_IMAGE,"Crystal Palace, view up nave from gallery...","Great Exhibition (1851 : London, England)",Call Number: 1851-lon-30-0001
umd:73634,hdl:1903.1/9707,UMD_IMAGE,"Night illumination panoramic, Panama-Pacific International Exposition, San Francisco, California, 1915","Panama-Pacific International Exposition (1915 : San Francisco, Calif.)",Call Number: 1915-sfr-08-0017
umd:73335,hdl:1903.1/9652,UMD_IMAGE,"Admission ticket, World's Columbian Exposition, 1893","World's Columbian Exposition (1893 : Chicago, Ill.)",Call Number: 1893-chi-08-0011
umd:924,hdl:1903.1/256,UMD_IMAGE,Colonnade of the Palace of Fine Arts,"Panama-Pacific International Exposition (1915 : San Francisco, Calif.)",Call Number: 1915-sfr-16-0017-001
umd:74,hdl:1903.1/168,UMD_IMAGE,Centennial Horticultural Hall,"Centennial Exhibition (1876 : Philadelphia, Pa.)",Call Number: 1876-phi-08-0043
umd:703,hdl:1903.1/207,UMD_IMAGE,French Government Bldg.,"Louisiana Purchase Exposition (1904 : Saint Louis, Mo.)",Call Number: 1904-stl-26-0016
umd:727,hdl:1903.1/176,UMD_IMAGE,Palace of Agriculture,"Louisiana Purchase Exposition (1904 : Saint Louis, Mo.)",Call Number: 1904-stl-26-0024
umd:706,hdl:1903.1/174,UMD_IMAGE,Brazilian Government Bldg.,"Louisiana Purchase Exposition (1904 : Saint Louis, Mo.)",Call Number: 1904-stl-26-0017
umd:748,hdl:1903.1/183,UMD_IMAGE,Louisiana Purchase Monument,"Louisiana Purchase Exposition (1904 : Saint Louis, Mo.)",Call Number: 1904-stl-26-0031
umd:868,hdl:1903.1/190,UMD_IMAGE,"Looking North from Esplanade des Invalides, Alexander III Bridge and both Palaces of Fine Arts, Expostition 1900, Paris, France.","Exposition universelle internationale de 1900 (Paris, France)",Call Number: 1900-ar-20-0019
umd:852,hdl:1903.1/145,UMD_IMAGE,Women's Building,"World's Columbian Exposition (1893 : Chicago, Ill.)",Call Number: 1893-chi-26-0003-022
umd:876,hdl:1903.1/180,UMD_IMAGE,Temple of Music,"Pan-American Exposition (1901 : Buffalo, N.Y.)",Call Number: 1901-buf-16-0004-002
umd:846,hdl:1903.1/120,UMD_IMAGE,Midway Plaisance,"World's Columbian Exposition (1893 : Chicago, Ill.)",Call Number: 1893-chi-20-0012
umd:530,hdl:1903.1/338,UMD_IMAGE,Machinery Hall,"Centennial Exhibition (1876 : Philadelphia, Pa.)",Call Number: 1876-phi-20-0003
umd:554,hdl:1903.1/261,UMD_IMAGE,Palace of Manufactures,"Louisiana Purchase Exposition (1904 : Saint Louis, Mo.)",Call Number: 1904-stl-08-0031
umd:525,hdl:1903.1/265,UMD_IMAGE,Pennsylvania Day,"Centennial Exhibition (1876 : Philadelphia, Pa.)",Call Number: 1876-phi-20-0002
umd:548,hdl:1903.1/266,UMD_IMAGE,Palace of Machinery,"Louisiana Purchase Exposition (1904 : Saint Louis, Mo.)",Call Number: 1904-stl-08-0029
umd:551,hdl:1903.1/262,UMD_IMAGE,Cascade Gardens and Grand Basin,"Louisiana Purchase Exposition (1904 : Saint Louis, Mo.)",Call Number: 1904-stl-08-0030
umd:217075,hdl:1903.1/20751,UMD_IMAGE,"Paris-Exposition de 1900, Le Pont Alessandre III, [unreadable], Cassien-Bernard et Cousin Architectes","Exposition universelle internationale de 1900 (Paris, France)","Series 17; Photographs—Albumen Print—Exposition Universelle Paris (Oversize Box: 5), 1900"
umd:219209,hdl:1903.1/20784,UMD_IMAGE,"Exposition Universelle de 1900, La Porte Monumentale, (Paris, France)","Exposition universelle internationale de 1900 (Paris, France)","Series 17; Photographs—Albumen Print—Exposition Universelle Paris (Oversize Box: 5), 1900"
umd:217081,hdl:1903.1/20754,UMD_IMAGE,"Exposition de 1900, Le Grand Palais, La Sculpture, L.L. (Paris, France)","Exposition universelle internationale de 1900 (Paris, France)","Series 17; Photographs—Albumen Print—Exposition Universelle Paris (Oversize Box: 5), 1900"
umd:217079,hdl:1903.1/20753,UMD_IMAGE,"Exposition de 1900, Le Grand Palais, Intérieur, L.L. (Paris, France)","Exposition universelle internationale de 1900 (Paris, France)","Series 17; Photographs—Albumen Print—Exposition Universelle Paris (Oversize Box: 5), 1900"
umd:830,hdl:1903.1/140,UMD_IMAGE,Gallo-Roman House,"Exposition universelle de 1889 (Paris, France)",Call Number: 1889-par-30-0001-002
umd:836,hdl:1903.1/121,UMD_IMAGE,"Eight of Clubs, Maryland Bldg.","World's Columbian Exposition (1893 : Chicago, Ill.)",Call Number: 1893-chi-08-0028
umd:844,hdl:1903.1/143,UMD_IMAGE,"Chicago Tribune's Miniature Guide Map of the World's Columbian Exposition at Chicago, 1893","World's Columbian Exposition (1893 : Chicago, Ill.)",Call Number: 1893-chi-08-0252
umd:838,hdl:1903.1/142,UMD_IMAGE,"Mines Building. Official Souvenir Postal, World's Columbian Exposition.","World's Columbian Exposition (1893 : Chicago, Ill.)",Call Number: 1893-chi-08-0073
umd:842,hdl:1903.1/146,UMD_IMAGE,"Souvenir, Machinery Hall, Chicago, 1893","World's Columbian Exposition (1893 : Chicago, Ill.)",Call Number: 1893-chi-08-0108
umd:685,hdl:1903.1/206,UMD_IMAGE,Michigan State Bldg.,"Louisiana Purchase Exposition (1904 : Saint Louis, Mo.)",Call Number: 1904-stl-26-0010
umd:709,hdl:1903.1/161,UMD_IMAGE,Japanese Government Bldg.,"Louisiana Purchase Exposition (1904 : Saint Louis, Mo.)",Call Number: 1904-stl-26-0018
umd:655,hdl:1903.1/192,UMD_IMAGE,"Fountains, Education, Social Economy","Louisiana Purchase Exposition (1904 : Saint Louis, Mo.)",Call Number: 1904-stl-20-0002
umd:682,hdl:1903.1/204,UMD_IMAGE,Illinois State Bldg.,"Louisiana Purchase Exposition (1904 : Saint Louis, Mo.)",Call Number: 1904-stl-26-0009
umd:203,hdl:1903.1/62,UMD_IMAGE,"Illustrated price list of cottage organs manufactured by J. Estey & company, Brattleboro, Vt.","Centennial Exhibition (1876 : Philadelphia, Pa.)",Call Number: 1876-phi-08-0149
umd:217069,hdl:1903.1/20750,UMD_IMAGE,"Exposition Universelle de 1900, Parc et Palais du Champ de Mars, le Jour de l'Inauguration, le Cortege Officiel","Exposition universelle internationale de 1900 (Paris, France)","Series 17; Photographs—Albumen Print—Exposition Universelle Paris (Oversize Box: 5), 1900"
umd:217040,hdl:1903.1/20749,UMD_IMAGE,"Exposition Universelle de 1900, Perspective sur les Palais des Nations, vue prise de la Rive Droite de la Seine","Exposition universelle internationale de 1900 (Paris, France)","Series 17; Photographs—Albumen Print—Exposition Universelle Paris (Oversize Box: 5), 1900"
umd:192,hdl:1903.1/60,UMD_IMAGE,The Matchless Burdett Organ,"Centennial Exhibition (1876 : Philadelphia, Pa.)",Call Number: 1876-phi-08-0141
umd:195,hdl:1903.1/58,UMD_IMAGE,"Craig, Finley and Co., steam-power printers and Lithographers","Centennial Exhibition (1876 : Philadelphia, Pa.)",Call Number: 1876-phi-08-0143
umd:199,hdl:1903.1/61,UMD_IMAGE,"Centennial Depot, Pennsylvania R.R. Co.","Centennial Exhibition (1876 : Philadelphia, Pa.)",Call Number: 1876-phi-08-0144
umd:21,hdl:1903.1/64,UMD_IMAGE,"J. Wellenberger & Ganter, manufacturers & importers of Orchestrions...","Centennial Exhibition (1876 : Philadelphia, Pa.)",Call Number: 1876-phi-08-0003
umd:377,hdl:1903.1/10,UMD_IMAGE,Bentley's Jet Black Indelible Ink,"Centennial Exhibition (1876 : Philadelphia, Pa.)",Call Number: 1876-phi-08-0246
umd:388,hdl:1903.1/292,UMD_IMAGE,"Official printing press, the business man's assistant","Centennial Exhibition (1876 : Philadelphia, Pa.)",Call Number: 1876-phi-08-0264
umd:411,hdl:1903.1/324,UMD_IMAGE,Rotary power Pearl Printing Press and iron cabinet,"Centennial Exhibition (1876 : Philadelphia, Pa.)",Call Number: 1876-phi-08-0303
umd:402,hdl:1903.1/291,UMD_IMAGE,"Art Gallery, Centennial Exhibition","Centennial Exhibition (1876 : Philadelphia, Pa.)",Call Number: 1876-phi-08-0268
umd:408,hdl:1903.1/5,UMD_IMAGE,"Horticultural Hall, Centennial Exhibition","Centennial Exhibition (1876 : Philadelphia, Pa.)",Call Number: 1876-phi-08-0270
umd:405,hdl:1903.1/282,UMD_IMAGE,"Machinery Hall, Centennial Exhibition","Centennial Exhibition (1876 : Philadelphia, Pa.)",Call Number: 1876-phi-08-0269
umd:565,hdl:1903.1/267,UMD_IMAGE,Bird's Eye View of the St. Louis World's Fair,"Louisiana Purchase Exposition (1904 : Saint Louis, Mo.)",Call Number: 1904-stl-08-0037
umd:1007,hdl:1903.1/27,UMD_TEI,A Century of Progress Exposition Official Book of Views,"Century of Progress International Exposition (1933-1934 : Chicago, Ill.)",30Chicago.xml
umd:991,hdl:1903.1/312,UMD_TEI,Plan of the Weltausstellung,Vienna International Exhibition (1873),9Vienna.xml
umd:66,hdl:1903.1/203,UMD_IMAGE,"Lithographic, engraving chromolithographic great manufactury: Mon. Bouasse-Lebel","Centennial Exhibition (1876 : Philadelphia, Pa.)",Call Number: 1876-phi-08-0039
umd:640,hdl:1903.1/193,UMD_IMAGE,"""Science"" model for group on the Palace of Manufactures, Louisiana Purchase Exposition, St. Louis, Mo.","Louisiana Purchase Exposition (1904 : Saint Louis, Mo.)",Call Number: 1904-stl-10-0017
umd:652,hdl:1903.1/201,UMD_IMAGE,"Festival Hall, celebrating the world's advance since the Louisiana Purchase (1803-1904)","Louisiana Purchase Exposition (1904 : Saint Louis, Mo.)",Call Number: 1904-stl-20-0001
umd:649,hdl:1903.1/199,UMD_IMAGE,"Bridge in front of Mines and Metallurgy Building, Louisiana Purchase Exposition, St. Louis, Mo.","Louisiana Purchase Exposition (1904 : Saint Louis, Mo.)",Call Number: 1904-stl-10-0019b
umd:673,hdl:1903.1/195,UMD_IMAGE,Louisiana State Bldg.,"Louisiana Purchase Exposition (1904 : Saint Louis, Mo.)",Call Number: 1904-stl-26-0006
umd:661,hdl:1903.1/213,UMD_IMAGE,Iowa State Bldg.,"Louisiana Purchase Exposition (1904 : Saint Louis, Mo.)",Call Number: 1904-stl-26-0002
umd:896,hdl:1903.1/219,UMD_IMAGE,Tower of French Applied Arts Palace.,"Franco-British Exhibition (1908 : London, England)",Call Number: 1908-lon-08-0012
umd:904,hdl:1903.1/226,UMD_IMAGE,Palace of Fine Art,"Franco-British Exhibition (1908 : London, England)",Call Number: 1908-lon-08-0039
umd:908,hdl:1903.1/249,UMD_IMAGE,Grand Palais,"Exposition universelle et internationale (1910 : Brussels, Belgium)",Call Number: 1910-bru-08-0006
umd:219264,hdl:1903.1/20789,UMD_IMAGE,"Exposition Universelle de 1900, Rue des Nations--Belgique, Norwège, Allemagne (Paris, France)","Exposition universelle internationale de 1900 (Paris, France)","Series 17; Photographs—Albumen Print—Exposition Universelle Paris (Oversize Box: 5), 1900"
umd:219256,hdl:1903.1/20788,UMD_IMAGE,"Exposition de 1900, La Rue des Nations vers Monaco, L.L. (Paris, France)","Exposition universelle internationale de 1900 (Paris, France)","Series 17; Photographs—Albumen Print—Exposition Universelle Paris (Oversize Box: 5), 1900"
umd:334,hdl:1903.1/89,UMD_IMAGE,Centennial Glass Works,"Centennial Exhibition (1876 : Philadelphia, Pa.)",Call Number: 1876-phi-08-0233
umd:227,hdl:1903.1/65,UMD_IMAGE,"International Exhibition, Memorial Hall, May 10th to Nov 10th 1876","Centennial Exhibition (1876 : Philadelphia, Pa.)",Call Number: 1876-phi-08-0161
umd:35,hdl:1903.1/104,UMD_IMAGE,"The Invention of a lady: suplee open eye, easy threading needles for all sewing machines and hand-sewing","Centennial Exhibition (1876 : Philadelphia, Pa.)",Call Number: 1876-phi-08-0016
umd:222,hdl:1903.1/63,UMD_IMAGE,Lingg Bros.,"Centennial Exhibition (1876 : Philadelphia, Pa.)",Call Number: 1876-phi-08-0158
umd:345,hdl:1903.1/107,UMD_IMAGE,Judges' Hall,"Centennial Exhibition (1876 : Philadelphia, Pa.)",Call Number: 1876-phi-08-0236
umd:360,hdl:1903.1/98,UMD_IMAGE,Machinery Hall,"Centennial Exhibition (1876 : Philadelphia, Pa.)",Call Number: 1876-phi-08-0241
umd:354,hdl:1903.1/101,UMD_IMAGE,Agricultural Building,"Centennial Exhibition (1876 : Philadelphia, Pa.)",Call Number: 1876-phi-08-0239
umd:1019,hdl:1903.1/30,UMD_TEI,Bird's-Eye View of the Louisiana Purchase Exposition,"Louisiana Purchase Exposition (1904 : Saint Louis, Mo.)",43St.Louisbirdseye.xml
umd:982,hdl:1903.1/273,UMD_TEI,Map and Bird's Eye View,"Centennial Exhibition (1876 : Philadelphia, Pa.)",wfc-essay01.xml
umd:589,hdl:1903.1/248,UMD_IMAGE,"Sunken Garden between the Mines and Metallurgy and the Liberal Arts Buildings, Louisiana Purchase Exposition, St. Louis, Mo.","Louisiana Purchase Exposition (1904 : Saint Louis, Mo.)",Call Number: 1904-stl-10-0005b
umd:479,hdl:1903.1/344,UMD_IMAGE,"Bureau of Agriculture, circular","Centennial Exhibition (1876 : Philadelphia, Pa.)",Call Number: 1876-phi-08-0362
umd:583,hdl:1903.1/247,UMD_IMAGE,"Palace of Electricity and Palace of Varied Industries, Louisiana Purchase Exposition, St. Louis, Mo.","Louisiana Purchase Exposition (1904 : Saint Louis, Mo.)",Call Number: 1904-stl-10-0004b
umd:470,hdl:1903.1/290,UMD_IMAGE,Are you going to paint?,"Centennial Exhibition (1876 : Philadelphia, Pa.)",Call Number: 1876-phi-08-0353
umd:983,hdl:1903.1/297,UMD_TEI,Memorial Hall,"Centennial Exhibition (1876 : Philadelphia, Pa.)",wfc-essay02.xml
umd:984,hdl:1903.1/295,UMD_TEI,"Machinery Hall, Centennial Exposition 1876, Philadelphia","Centennial Exhibition (1876 : Philadelphia, Pa.)",wfc-essay03.xml
umd:1018,hdl:1903.1/36,UMD_TEI,Panorama of the Panama-California Exposition,"Panama-California Exposition (1915 : San Diego, Calif.)",42sandiegopanorama.xml
umd:985,hdl:1903.1/305,UMD_TEI,Festival Hall,"Louisiana Purchase Exposition (1904 : Saint Louis, Mo.)",wfc-essay04.xml
umd:1003,hdl:1903.1/13,UMD_TEI,The Court of Honor,"Franco-British Exhibition (1908 : London, England)",27London.xml
umd:1020,hdl:1903.1/31,UMD_TEI,Tower of Jewels,"Panama-Pacific International Exposition (1915 : San Francisco, Calif.)",44sanfrancisco.xml
umd:1012,hdl:1903.1/26,UMD_TEI,"Montreal, 1967 Map","Expo 67 (Montréal, Québec)",35Montreal.xml
